"x01","x02","x03","x04","x05","x06","x07","x08","x09","x10","x11","x12","x13","x14","x15","x16","x17","x18","x19","x20"
0.433753332237892,-0.486097966183005,0.328145620130751,0.493583218322208,-0.324851189225979,-0.323870312327333,0.36157473623036,0.49755864179111,-0.235061250830503,-0.37667131052487,-0.0769023112662907,-0.00674266503316166,-0.0954214449388607,-0.192626981766534,-0.360511128363223,-0.468646021181616,0.339828572023568,-0.507483188090003,-0.351594260213719,0.532701989628028
-0.407387797292791,-1.83743845456549,-0.881289919379177,-0.726735485423543,-1.35082012985146,-1.38181406411914,-0.308809389584264,-0.661606581608587,-1.28455531158956,-1.42011284923092,-1.11801267750623,-1.14083044118794,-1.20550520282289,-1.31399674906655,-1.97759822112607,-1.88689314149638,-0.259215412402869,-1.60013900985456,-2.0539849550976,-0.630140935310918
-0.385446171979418,-1.65465944376193,-0.798863790279725,-0.686006676207483,-1.23152198433809,-1.23363779533403,-0.238181284518456,-0.579502234739172,-1.21789755244722,-1.27594723201241,-1.05895980253178,-1.045541804926,-1.11514453422108,-1.16617485396548,-1.78133386805456,-1.71177503593268,-0.209041690069405,-1.44586606527793,-1.84997341271362,-0.574260803886286
-0.28957834103871,-1.38924652468381,-0.640692609588967,-0.580799529692045,-1.02827708706642,-1.05832567413924,-0.210439814118101,-0.517814587934307,-1.02077656311509,-1.07046864221625,-0.895164490421802,-0.853820285321104,-0.919776682173476,-0.952756200992243,-1.47847340810714,-1.42247416075644,-0.211278246068256,-1.20482795119497,-1.52447113098136,-0.476399393374379
0.545647154037745,-0.542041882522553,0.48073998211567,0.492294122919998,-0.359927995427492,-0.374568537960156,0.388259637225297,0.560793076938584,-0.323443304748735,-0.434737226942262,-0.0127826513407791,-0.0687171112648291,-0.14208165089309,-0.168590085652218,-0.49649408011648,-0.482986531907715,0.344347303999011,-0.614714356495379,-0.373698746391853,0.566202741443132
0.128245880793971,0.0199346872015148,0.0566687708518518,0.0559675032007258,0.0360246218124618,0.0333358073592399,0.176373054139023,0.0786494865015786,0.0374460044922398,0.0374537231902567,0.0434671914339043,0.0465505340074028,0.0346143209306979,0.0384541500441624,0.0237289503647038,0.0329632942402162,0.189041720515329,0.0389652664184809,0.0254313038654231,0.0738415795538234
-0.583462435626483,-14.5572630134103,-3.30540951078364,-2.3728112745715,-8.0781652591838,-8.17865003761246,-0.338001411326043,-1.93243126330963,-7.49480071473176,-8.90900350092965,-5.89671161062946,-5.73093905110923,-6.39440712447426,-6.93302522240461,-16.8529710225648,-15.4032504961501,-0.349481185663527,-11.0546460876288,-18.0455304405099,-1.75331843046478
0.498910645947731,1.16078820974804,0.743065260303939,0.730481798491378,1.00923470820777,0.98967353757938,0.449692645802522,0.70435951747669,0.97900991723742,0.983976264226883,0.902531375520973,0.874950410416361,0.914731104642526,0.970548060968745,1.19168010719534,1.13308375513308,0.449247486030679,1.04439225302437,1.2398017182738,0.617482935484883
0.875523525036475,20.8955264485355,4.7554253458382,3.44683604897135,11.6414827094246,11.6567315272708,0.497097597205668,2.77015730939925,10.5887407835107,12.7633721920019,8.45732696999836,8.115432319753,9.19610296685971,9.94801339429387,24.1682192037896,22.0008913901696,0.425388549864166,15.8266525425652,25.755190660167,2.52007349617317
-0.712795470915217,-0.25324236106707,-0.228998646063813,-0.43891179921414,-0.251185268049549,-0.260250429560262,-1.04125395171946,-0.471561445696958,-0.185770366201152,-0.163914375897301,-0.258436904714826,-0.280500400856071,-0.268800516767432,-0.177473845436826,-0.191027906070275,-0.140958691605924,-1.12492679830538,-0.193408191196343,-0.0538739427050043,-0.423798852664809
0.751667164823627,-0.818541209217579,0.554861797138286,0.792736250910204,-0.520264951458884,-0.571540866235058,0.655048736752208,0.823313022264221,-0.404440221394571,-0.546581301570437,-0.0572014441137652,-0.0697095597102791,-0.197483424894476,-0.299779298451365,-0.691895283498296,-0.849037730548424,0.541431574454264,-0.812053353147391,-0.563782521479095,0.886677405089333
0.338264645926271,-0.381865081253628,0.262040761724267,0.342258155443435,-0.215449623350545,-0.224034301906658,0.288904237368453,0.375165508386275,-0.193728404674031,-0.278620125099478,-0.0308542285553475,-0.00989970326632056,-0.0498536683648867,-0.0917107355573848,-0.28162940821742,-0.299515620630155,0.259781668462631,-0.361821586346289,-0.22738029296157,0.396270214680986
-0.543122861683097,-2.92474559474374,-1.38390605884918,-1.1820237162164,-2.17069803619951,-2.16869971607909,-0.388674205416743,-1.02053352670284,-2.09171556092726,-2.31216181101644,-1.81300304377276,-1.81397396091155,-1.96389477974147,-1.98329849962886,-3.13649415319817,-2.94656869037982,-0.377360170250884,-2.50640870514691,-3.19170342412199,-1.02192654808767
-1.0596395464388,-25.5431974944679,-5.81287879956715,-4.22068120922257,-14.2672389840678,-14.274873744957,-0.591069350767359,-3.39191207279166,-13.1175942895478,-15.7089064278184,-10.3072892700057,-9.95296957082347,-11.2068044811094,-12.2362733047931,-29.6414985655709,-27.0238039114587,-0.511543630439394,-19.4439808432577,-31.656309189724,-3.13050159704379
-0.418570596902996,0.477017180960572,-0.34273503571201,-0.501940205137485,0.280723433848186,0.296038598205826,-0.360026214715666,-0.479194135974299,0.217697131782301,0.317350663705772,0.0243195503882743,-0.0228093311859753,0.0652713772747244,0.190342267290485,0.382955738286586,0.457242333578792,-0.336355954262541,0.493047256457691,0.321394771501775,-0.538876893407813
-0.567457510571994,0.668178224395503,-0.431148046282851,-0.63689805520217,0.318847922972125,0.41982364849805,-0.416333016362632,-0.60896239791,0.353672127822548,0.46105575071102,0.0216361578258438,-0.0261699045304768,0.108131503253748,0.245866214006715,0.510103091981116,0.575164083957114,-0.416739082692307,0.654741765616794,0.380646818471626,-0.599689554051449
1.04053704440712,2.23221898394364,1.55889616288598,1.460139694133,1.99947329057613,1.88191066282783,0.929640437653798,1.31641404316184,1.83157325059732,1.85528738489344,1.83286318822407,1.89760251512866,1.82997215858762,1.78705105545539,2.3564403796254,2.22922579083517,0.89011804751157,2.04293442611403,2.37063380370503,1.33878535008323
0.869117225642694,-0.902212603101236,0.708281536216074,0.978120618303003,-0.569118814372619,-0.65177822657753,0.654913193055988,0.969323335849623,-0.458479063427858,-0.706748110913087,-0.0727551817108798,0.0183162033234502,-0.204809450686031,-0.378374994824454,-0.737217661543174,-0.873868192528964,0.696921082404639,-1.02620402310071,-0.685526860421937,0.993414814281497
-0.056460020772302,-1.37886701485824,-0.317646335082626,-0.229628540908515,-0.768869360305015,-0.775243887323687,-0.0315738401775807,-0.18792752725166,-0.703856176380688,-0.838258387682736,-0.553712466195941,-0.5438633740291,-0.596293237078046,-0.656717494279158,-1.59825579527849,-1.45479148861822,-0.0287063921325561,-1.04329490545877,-1.7003913287674,-0.162871704910557
0.0107983368575861,-0.0121794490081391,0.0081201208299684,0.0106674736792315,-0.00797376584084222,-0.00695485699290258,0.00782565213777469,0.011521201570455,-0.00564434381835216,-0.008971977367676,-0.000365843937425769,0.000123588731366569,-0.00316376503484941,-0.00439749965563189,-0.00935519126628993,-0.0102883856983502,0.00818998726683614,-0.0129759833911636,-0.00870545709958807,0.0124327836666505
-0.590342866768926,0.645452157597239,-0.438630022284612,-0.627519952396476,0.434307318512929,0.383046445866317,-0.511887504881829,-0.662803484124632,0.318812716201485,0.526873364065473,0.049995057367922,0.028320470984364,0.196024328900758,0.236356535784497,0.543012679944113,0.614436007519855,-0.43889371879228,0.665937076491155,0.427776472074879,-0.66759533378655
-0.550854581309497,-0.103705627556062,-0.215657655847927,-0.26279928009921,-0.113652557036741,-0.113605079352509,-0.672945903107881,-0.313755713131855,-0.152533366539909,-0.118439631055751,-0.163063346665141,-0.17545730091462,-0.141856375630685,-0.138219311155681,-0.123642861939679,-0.109437274652917,-0.765328380726774,-0.0889362533257838,-0.0866309683663659,-0.316525920574424
0.866178062677226,4.03940147041022,2.01029951199419,1.6410385164985,2.94829326445025,3.02101284332114,0.607047818651863,1.50457471605955,2.88444685488966,3.18609326533183,2.52193216667387,2.55999814856286,2.73662324284765,2.82007828407802,4.33122926950974,4.18349705666618,0.601155723831649,3.58884381142599,4.53209861970504,1.39279711854952
-0.394348480356146,-9.04462408628321,-2.05946863737773,-1.49945892907921,-5.01944869154367,-5.05318716734026,-0.201894389606166,-1.2034412700392,-4.63560671031741,-5.51083249939967,-3.59732548141027,-3.53323557245295,-3.95107300272324,-4.28190051173974,-10.4688168237835,-9.55232473090759,-0.175072196632351,-6.87758947885538,-11.1705750180984,-1.10249749908231
-0.46737858439466,-11.6433412183722,-2.60460393005216,-1.88648115315046,-6.40910588553179,-6.48861897243033,-0.28800549205589,-1.56212944938833,-5.94427444228326,-7.07888458904577,-4.68899600854065,-4.56121771596911,-5.03969609808393,-5.51284173967312,-13.4046572677617,-12.2793543118725,-0.198872610713665,-8.82257019546027,-14.3251618831044,-1.42425435564891
-0.0424551611887346,0.052015023068782,-0.0358556398351683,-0.053241510478375,0.0284522326989156,0.0351095119727455,-0.0382349732495007,-0.0516978414928418,0.0249936230841417,0.037272436520116,0.00489727403099894,0.00304242109761863,0.0063119197427143,0.0199418671144578,0.0392626605013322,0.0470152183288973,-0.0349462600126367,0.0562293439062149,0.0311654798680271,-0.0513610513862054
-0.926878899909008,-4.75523507189772,-2.2544619565581,-1.98734225528586,-3.51061536784279,-3.53262603391723,-0.786995209658108,-1.67515762529815,-3.44238313991769,-3.68376880561594,-3.03335050043113,-2.97967247245079,-3.13437716538928,-3.30152714603914,-5.0868394301506,-4.92904670024709,-0.73012053048754,-4.15047936567667,-5.35083715979895,-1.59771633722634
0.886680831576492,4.53282508872629,2.21535260419264,1.90005037083708,3.33631368907604,3.33514225075133,0.750656479647288,1.63906018144412,3.23676627702207,3.49054506262812,2.7983663527334,2.81848340467055,3.00600094450796,3.09703883338104,4.82894930577994,4.59628095906754,0.635385323416972,3.86577812608679,4.91491463585418,1.58085916234333
-0.36086585683792,0.373350779146517,-0.253413089728697,-0.341425147897484,0.247249963785629,0.222919378907245,-0.27638034969183,-0.352131117406299,0.195289385803556,0.272205597827633,0.0180315103158209,-0.0149979042356107,0.0802888789105771,0.146232584903225,0.277887074744446,0.31584267119795,-0.244409253230809,0.379695209113755,0.220313271261834,-0.398161017216243
-0.0723071775376996,-0.150244272740372,-0.111585877612546,-0.100890438296162,-0.129483075901686,-0.134393059627034,-0.0651415488745087,-0.0941918526873902,-0.132314898487169,-0.131743892102611,-0.127775460346911,-0.1207786832613,-0.123768892203025,-0.130051189330198,-0.15382716190357,-0.15348088794111,-0.0556586029954891,-0.142501625620228,-0.160914978909831,-0.0891674713552746
-0.0421304608680206,0.0455192198477241,-0.0260877223041816,-0.0449813666780839,0.0246446552356414,0.0256483680703536,-0.030336906891786,-0.0456705372757336,0.0234503186285411,0.032691473666331,0.00315941495309842,0.00502297888185209,0.0116138080204634,0.0233449917930628,0.032116213144908,0.0401354456718459,-0.0317744070015128,0.0456169112730515,0.0249913991251068,-0.049395720552679
0.726335452898956,-0.729485731958649,0.509410554531858,0.704917789586381,-0.454030362076293,-0.422656625467505,0.546891323675033,0.760570823263166,-0.308398219680709,-0.565576503532088,-0.0812042472356755,-0.00909984041690164,-0.169021321265596,-0.344263425367013,-0.522771729265854,-0.671406531232385,0.558852675566004,-0.711307578346726,-0.442894437279616,0.671385781432145
0.84574804331393,1.9004111652035,1.31807770873461,1.17976883456816,1.65799995901542,1.64838122400456,0.79844288782571,1.08162514673245,1.55131534579347,1.67024349031354,1.51320105777955,1.53555112355652,1.52191398949456,1.54787745773471,2.02429726395979,1.89752286589261,0.671288888240322,1.7231949160125,1.95006175787484,1.08648743759868
0.642835928447289,1.36109231940365,0.893551602456817,0.860765054095031,1.21558499804321,1.1751173606644,0.568178732524148,0.838792579407381,1.14072216520181,1.22028079452005,1.06679148581843,1.07885107500601,1.07085198689215,1.13773198094836,1.43163585089722,1.32487611441584,0.494708015622577,1.26366688668545,1.41624842909424,0.792069856959082
0.771850192074092,1.67118559200694,1.15163613617537,0.989148754222188,1.44615022577097,1.42824784901787,0.674708253489275,1.03786689338336,1.42060959374782,1.47583587132428,1.35512754174975,1.26802377336905,1.3282992802973,1.40794536016296,1.75701699277454,1.7382397845334,0.635699402663825,1.55585295061662,1.72222527376027,0.922182698114118
0.847983046374446,1.77359625719798,1.1870450198582,1.11020037276244,1.56281357966164,1.57596120385801,0.618670032301118,1.09814124202072,1.47068561446255,1.58967617472343,1.35208812901824,1.41793925693377,1.41055591420704,1.46744519686281,1.84167731544941,1.77170104049042,0.621959744263387,1.7037519031892,1.87113185756416,1.11133304242671
-0.608039786471856,-14.7086187760864,-3.37940194615118,-2.40729830218381,-8.21035862546225,-8.237828608748,-0.338410389160947,-1.89017080995597,-7.57592047117707,-8.96251646356966,-5.93760820025738,-5.7981840924294,-6.45452150528506,-7.02159038101571,-16.9916215883095,-15.5160821809785,-0.29636022806568,-11.1520582411245,-18.201388472962,-1.79254331330345
0.851290050126997,-0.899559361085243,0.61501105042746,0.771192293188628,-0.542445705388148,-0.52745072484627,0.584495396716006,0.867831228077141,-0.36265453008672,-0.71151862219805,-0.0748055182995432,-0.0480559285088171,-0.140071498251601,-0.360619973382331,-0.616078912264336,-0.784719995753232,0.641363131140172,-0.788296079368881,-0.545526817408992,0.917442956911184
-0.90501843728059,-4.46873709876519,-2.10536852785625,-1.89085527127246,-3.33925545005577,-3.39134669588122,-0.755899525824455,-1.65924830844803,-3.15932030390595,-3.50893175777326,-2.81654602244998,-2.88558194703412,-2.90976375260842,-3.07814401613763,-4.81033113285865,-4.61558935611244,-0.583283588708441,-3.89546848806279,-4.96613721816512,-1.53821650938678
-0.852762603389344,0.782434141630841,-0.65222465639791,-0.829878397586999,0.499661991627141,0.5343830713983,-0.705557873591178,-0.862447724965661,0.369912621670254,0.601571928486695,0.0281517152920291,0.0377544236150106,0.166040481130932,0.358155461133641,0.67091454187551,0.787551614235435,-0.588558662654036,0.921111027108651,0.538847464491804,-0.935905505037337
0.139476321082642,0.301269927409785,0.213323618004227,0.193150799119847,0.261491403220115,0.246084079988489,0.108210572857514,0.181054425342997,0.253015257253418,0.261778809014374,0.229520684422464,0.239600425636414,0.247462800333452,0.243286836267681,0.303989720230843,0.307780288538011,0.116407455842861,0.289853813691298,0.301241785322164,0.166802843015637
-0.62448151330138,-2.98946446650486,-1.39098207734539,-1.22283038030558,-2.179200387944,-2.24228143477385,-0.456895683311542,-1.02354790731629,-2.08397053171358,-2.32100600809753,-1.90209560414837,-1.87041509886686,-1.9673362724697,-2.04634313443271,-3.15928459615021,-3.04532088194256,-0.424453589936713,-2.56656993956942,-3.25707496766604,-0.966319555180875
-0.0963173598496501,-0.202757657051768,-0.146802832424263,-0.129911156811501,-0.173513445930818,-0.175942426826416,-0.0844639924393332,-0.137827964562648,-0.175076009212219,-0.187324725798689,-0.165178531820525,-0.165796124287325,-0.166317821941639,-0.173195205848527,-0.216101323685153,-0.209472308962401,-0.0671810249093072,-0.195839528644829,-0.229466033170969,-0.128736940567314
1.02210879062572,4.8594528312958,2.24420690828593,2.04054692509466,3.57383804669476,3.6798768568413,0.664516169342453,1.80536284396955,3.61146384391614,3.8173650003967,3.17785267375844,3.05699250752278,3.23741268629594,3.36465809449332,5.32732722896419,5.05240939373046,0.567250443566374,4.36686908230266,5.40852159331037,1.64479972319402
-0.566057343072512,-0.0879740517151971,-0.270034230528202,-0.223034782418084,-0.148216626806779,-0.15978175371308,-0.722617662781896,-0.256453588160141,-0.187898079233811,-0.169469605329196,-0.200467029467006,-0.169448046270895,-0.160805246696684,-0.146141773711913,-0.0470517336725394,-0.128537880352554,-0.785871012248936,-0.113489427843862,-0.157395869853716,-0.329929149318326
0.25449156601119,-0.270998344635324,0.216980743934634,0.250912398219611,-0.154377344324442,-0.178795474778629,0.234711094841644,0.286708703049528,-0.133134912424211,-0.208698479824868,0.00767152711173548,-0.00315517034527969,-0.0509765033672383,-0.124423390679489,-0.223530812456647,-0.248560699239894,0.194271555516101,-0.282131377417136,-0.173190001366014,0.28384572237727
0.354682733724807,0.0747723836940043,0.192560022311311,0.193560220872296,0.0704881648705412,0.0932531756059578,0.5228756555148,0.187874450462858,0.0720879059653481,0.0910195121783339,0.113559116339952,0.118893432990708,0.0831183138244682,0.111333754073033,0.0426933445438826,0.0916233206148255,0.552325416759135,0.100930803888222,0.0628235755623551,0.226814434013111
0.0167717660715963,0.367282376952731,0.0832641246469222,0.0596055524275828,0.204287056647159,0.205330018720461,0.00738818583252854,0.0494558939171149,0.187056231162264,0.224411170854121,0.148682099255638,0.143567233591543,0.160412788451738,0.174911914149239,0.424503147375892,0.389256653979628,0.00585623002369974,0.279239773966403,0.454179043686086,0.0432021357437255
0.359224199503787,-0.407058706055824,0.311284901987481,0.390281468233689,-0.211843114925109,-0.272281689983988,0.300545572425737,0.412042488370837,-0.202983768698593,-0.334575543006075,0.0220844818002586,-0.00865587361566685,-0.0911886498967853,-0.153009901753374,-0.362321909644446,-0.371229843288055,0.287631734655436,-0.430889097019496,-0.269325127815654,0.418514934546275
-0.909176807299249,-4.52150972841924,-2.11033093972142,-1.84925119367971,-3.30505987877589,-3.3437235766972,-0.719993841621687,-1.61576340339725,-3.22547062843041,-3.44843194439675,-2.81603996052154,-2.80754755338796,-2.97562241053615,-3.06706544544711,-4.81967034574126,-4.59157176493894,-0.6492275770448,-3.91175634096002,-4.98596836157739,-1.54171351828359
-0.666081151743192,-0.0767830334616255,-0.249476870951256,-0.332551793549903,-0.173068826379515,-0.169950002884426,-0.805747400763612,-0.382007852056691,-0.198111992873808,-0.142581972378062,-0.18172877656376,-0.176468220173857,-0.204705630515536,-0.149138245655736,-0.0804882260619394,-0.136172719767144,-0.965894279423851,-0.135025421107946,-0.0567396768174549,-0.361279194412539
0.570680067564413,0.118180585137936,0.244550574960918,0.308305170751403,0.165300308418919,0.167613168228942,0.760990779001446,0.286115434203475,0.1559151906092,0.136607800784149,0.160521906479888,0.152111955837482,0.213908436768218,0.188083313749871,0.1083595535324,0.10561167725759,0.84932252508852,0.100256925781293,0.103221146305301,0.286114899713861
-1.03363401828459,-2.18077694584896,-1.45796845580674,-1.31982420213168,-1.75443858656476,-1.93711622315526,-0.794103443625539,-1.32175702931917,-1.80003031063437,-1.84346499391381,-1.66788781150434,-1.72211148341415,-1.7226264502602,-1.74242968809769,-2.22985463754493,-2.17623128047013,-0.757417653734862,-2.03127172289468,-2.26192531266342,-1.27794820754757
0.54003222029241,1.20541594864861,0.805974576424764,0.714424756669551,1.01057831110088,0.971242540928604,0.391839596639935,0.698418584822024,0.997008739083905,0.96975085745175,0.892636894830513,0.921401370353281,0.927963585639262,0.946680261693095,1.15288227995138,1.14585195518951,0.372877344238815,1.06713613428659,1.19898142372514,0.719814571826149
-0.061532853348467,-1.39063755655994,-0.316865312185209,-0.228314397073603,-0.772184101171724,-0.774162662538091,-0.0356388063719823,-0.185977660690265,-0.711615848646636,-0.849560807061673,-0.554653585019527,-0.542069790154744,-0.609720858301174,-0.660580587667019,-1.60314662916463,-1.4644838800346,-0.0273600501251946,-1.05786154059213,-1.71235232437674,-0.16665392762925
-0.503307761697438,-11.3626011857565,-2.61040074546185,-1.86120539401654,-6.31331237493998,-6.39508045467723,-0.299354416007098,-1.5187927338602,-5.78619054308196,-6.95019249315342,-4.57855913428529,-4.44329599733983,-4.99513233786216,-5.42246602202357,-13.1423353587241,-11.9490194265394,-0.232876991740189,-8.63468878352483,-13.996887371154,-1.37804200593345
-0.560476501643993,-2.69495093202629,-1.25978881474775,-1.05280926067346,-1.94037974131486,-1.99870731662829,-0.405934813773386,-0.956675637396803,-1.86462825695672,-2.05353917484932,-1.67324286768918,-1.64982405269922,-1.74788076771475,-1.79690812321423,-2.84715174222441,-2.68562626638928,-0.364589156904073,-2.26179863804861,-2.88165317581908,-0.893033843193256
0.156244569432383,0.760885208645052,0.364602503326502,0.296246316683735,0.553143089470256,0.559186330554334,0.120489265061471,0.281227159093494,0.53181325494229,0.586199778897337,0.495247562547084,0.463964107788535,0.498650310090741,0.518199945309746,0.816480933132309,0.77639647436107,0.108927397150623,0.656978533658714,0.833017792182892,0.26962896693284
-0.859457095530083,-0.204546473362547,-0.381252699104743,-0.516507286352284,-0.295235041150165,-0.246636375595431,-1.13062666596717,-0.478973708262647,-0.198295290168898,-0.277555939160775,-0.299020894842259,-0.254438313640057,-0.288778276372908,-0.247377784097271,-0.178499940652894,-0.142680924941489,-1.31924447855012,-0.255890298947804,-0.167388081755247,-0.45473089727053
0.897688096592641,0.0954399607168692,0.373604704389307,0.420274414712841,0.280845565589141,0.239263851772553,1.26851270068967,0.481424801252608,0.298965221476538,0.268737838110166,0.262330453626615,0.270041215303506,0.254415463979007,0.190566915968285,0.158603086961266,0.0840446568774322,1.3184065020555,0.216401884729836,0.227899923229964,0.583801234351668
0.293450255921705,0.0495015208593664,0.0917036256285256,0.152807154592151,0.0691259308542425,0.0832361248714101,0.38857243400616,0.183332317061608,0.098691716481027,0.100652141813698,0.0936238064923156,0.105576578695042,0.0757001505474682,0.0892621611857012,0.0496462618653781,0.0520936478335962,0.449264997579892,0.0437012310526984,0.057599816108296,0.205011028243048
0.71683048228053,0.152294564368002,0.372498264179947,0.410466514199122,0.292206976383826,0.18610486848502,0.898904192196621,0.47225273920324,0.202092539929673,0.243647909083534,0.259234468510327,0.258570879238297,0.154070130016234,0.232596624920333,0.175862793524863,0.165263605676089,1.11735097775164,0.0818277480182777,0.162165660647529,0.448888309733781
0.042705113956939,-0.0423090900933925,0.0333648572814474,0.038031699734476,-0.0299544278264628,-0.0333118863370366,0.0376238039374215,0.050484803182987,-0.0191798664831467,-0.0359202635326622,-0.0033440112932316,0.000922653060116548,-0.0105915324710147,-0.0121076251261172,-0.035892448052521,-0.0399640406213855,0.032894688155139,-0.0475381840401007,-0.0294909473266845,0.0439285421988551
-0.949061322796331,-4.49195068661333,-2.17198362851883,-1.91502958116422,-3.33697968262275,-3.34236674461079,-0.635263303643254,-1.61488847610835,-3.26055309533747,-3.45828471267874,-2.93382436759359,-2.84936071653643,-3.01210766087062,-3.20578427083737,-4.89390599606312,-4.56114453742208,-0.631787095855586,-3.90722679036617,-5.03619810329357,-1.54640847485959
-0.175951497903144,-0.423307447484729,-0.297386664993678,-0.256132920426064,-0.373854509006238,-0.366171973778409,-0.164054012165197,-0.248875144543359,-0.370698088099212,-0.366769697213142,-0.334321763889316,-0.348606482381573,-0.350854576193331,-0.345883683324202,-0.445530793730795,-0.406954608993585,-0.148698091015887,-0.385949209971017,-0.44385626877288,-0.242415813055832
0.50472706588499,1.07595161506731,0.743408103691881,0.691924693553914,0.958208691072772,0.947427064794131,0.460959078677903,0.665691370928964,0.896317542346886,0.992511262521465,0.866244069778021,0.851499996476618,0.889507337455705,0.898232544043677,1.13908473730319,1.12654744248701,0.366328849813524,1.03887843774974,1.17529062744513,0.647145384582892
0.018218866390656,-0.0169798987698072,0.0111947606314699,0.016556060043285,-0.0118648509760217,-0.013292354905359,0.0139058520843055,0.0192236226100065,-0.00740076731012169,-0.0147464822368169,-0.00131163680477905,-0.00159918827137251,-0.00399603837484574,-0.00755104176212485,-0.0135693205533187,-0.0155221896852306,0.0119723059300873,-0.0174038444417137,-0.0105380131588348,0.0219287578455073
-0.757946535973635,-16.9516232070971,-3.87974777234745,-2.87696570326705,-9.46195483515863,-9.51358126475934,-0.428494985695892,-2.17410736996494,-8.70650608717353,-10.3882037299464,-6.88244637218849,-6.63994253762669,-7.41606925554347,-8.13729376010778,-19.577817152262,-17.873557262298,-0.304168340734816,-12.8972598099698,-20.8813715753556,-2.02221185738055
-0.509993580965674,-0.118570095667307,-0.170718081531278,-0.238528086211654,-0.13536153756354,-0.18677864567081,-0.658159119805637,-0.265488924516542,-0.143882982617369,-0.120418167837612,-0.178288182457229,-0.175730875432852,-0.183798475099182,-0.110804398028189,-0.101180385544882,-0.0901077059968877,-0.717954243461527,-0.0899807272711011,-0.120072466279072,-0.254771742768021
-1.01464590738879,-2.23268828771819,-1.49622590092948,-1.50638364963023,-1.91371811376704,-1.92941949302068,-0.840418729611753,-1.34739698927086,-1.79567743424816,-1.90495463120999,-1.76516252397098,-1.80089252538702,-1.74406249004217,-1.85091679519942,-2.30261961754417,-2.29320835176394,-0.768028250627253,-2.11836389921638,-2.44179556848379,-1.32093842795972
-0.892967755828759,-4.43617392684604,-2.14472140734642,-1.76054212541997,-3.25014394261272,-3.24261938589188,-0.62667101448364,-1.6273329069909,-3.26684517952632,-3.55053250618526,-2.77635720108043,-2.78256358591149,-2.96960531475811,-3.05938830146537,-4.75537519896333,-4.54105099977357,-0.635379791591406,-3.90215450344393,-4.9374854177829,-1.51496454995848
0.295146925824705,-0.325326579693419,0.22477229562955,0.299365824128104,-0.192603631947535,-0.219847720788659,0.223465428913068,0.34128393336614,-0.170717693605074,-0.242522208112948,-0.0383959696618881,-0.0195089207228356,-0.0673342093104633,-0.118208837261474,-0.254267871843298,-0.321348657024668,0.212278870035508,-0.321980708123952,-0.185199176343684,0.356230102776854
0.461359650102096,11.0346332629853,2.5022435539488,1.80113516809176,6.10924604065315,6.16233591561733,0.260458802156644,1.48094966371361,5.59564834772113,6.74858637914928,4.44232437502792,4.31691209933946,4.78289397004483,5.22795057261094,12.7007866003385,11.6428334210956,0.250119270649277,8.33267345521093,13.6008600648713,1.3418903372458
-0.1980158318831,-0.421649607761224,-0.314635207924781,-0.275955253538141,-0.368115635413255,-0.387140138235457,-0.172184994477141,-0.262666640464299,-0.382332591916855,-0.391623775317508,-0.353684850590481,-0.340378386971419,-0.365451070326177,-0.360997374997006,-0.444934339819401,-0.437528777785115,-0.168502907271239,-0.406781719351351,-0.462863515358015,-0.274343309789126
-0.654621623903401,-1.44260894585577,-1.03380850767891,-0.932812763428651,-1.23061444680957,-1.25799273639156,-0.58886896500821,-0.900446411849347,-1.2154554553467,-1.3337484832064,-1.14453668322205,-1.10014537740229,-1.19379231458517,-1.24101577337444,-1.44037056529037,-1.46465801603828,-0.471716004548563,-1.32105960838259,-1.53240961668164,-0.811703103157809
-0.364944688804092,0.416269625133174,-0.306052077757246,-0.409837842229461,0.277190455443926,0.254918460584747,-0.330100975449791,-0.406378871208091,0.209876660926972,0.315855188110324,0.00673532952482832,-0.0437565519791706,0.0860247923800368,0.158051472422341,0.283383369621318,0.403029815447273,-0.300665482968761,0.401915769199136,0.233502299573113,-0.452934796136325
-0.734541776372507,0.811605522453111,-0.485378035003902,-0.748145335984439,0.491378214814596,0.508129475945714,-0.508329422592721,-0.804690618165592,0.346074614085505,0.630954321941289,0.0782125475329118,0.0500719297453945,0.21163633721518,0.281734692923972,0.58168125401269,0.686374031731412,-0.451943596053533,0.80443809983546,0.507687437366676,-0.790247090290169
-0.469205517175766,0.474065533607031,-0.381390607369155,-0.4853373876549,0.322322356993157,0.293198254196972,-0.348151768354345,-0.503209667267429,0.239736824234184,0.329069931866057,0.0239260988258954,-0.00685913916348484,0.140380196547302,0.165722365875694,0.352167388229747,0.473191725055055,-0.314397124326694,0.502571826787935,0.330637600346294,-0.454529124192568
0.759161867609518,3.73621245576445,1.81876330993408,1.53466211436031,2.76839823344073,2.84075373913928,0.548779516391494,1.39780751676215,2.76714202056375,3.01106513137596,2.45714410431756,2.33173419896704,2.49239005746763,2.5243380658853,3.99973153692594,3.96210660805108,0.549803855050603,3.30798680275935,4.16996320338752,1.28726486071624
-0.422934566327173,-0.10610338289922,-0.225295555552734,-0.226415385854375,-0.128331299239375,-0.0755422557177141,-0.578075536566835,-0.271525230590902,-0.116317611056425,-0.113449704006579,-0.131461338231596,-0.139620204730358,-0.161517988003343,-0.157849230076421,-0.101087997396462,-0.0619138701719607,-0.658645524388176,-0.13155358680507,-0.069742496549228,-0.228271106817685
-0.361161618774566,-0.0574362311493667,-0.14291696571912,-0.190269372310379,-0.0858395829805252,-0.0889109259513221,-0.460339323985468,-0.187100232011507,-0.0760242793554575,-0.0902362379264658,-0.132281051567592,-0.112006799816702,-0.0821770703571403,-0.0698364631457964,-0.0485156868241334,-0.0686462757687979,-0.508161795432241,-0.109280622005293,-0.0725710532451716,-0.215654382200706
0.421698457712873,0.11200055279679,0.19711574438247,0.198460031900591,0.12390008133838,0.097728778459894,0.523528674518177,0.211413884887271,0.147894556072594,0.0773512449780166,0.153301509294735,0.120755555024761,0.134037892991786,0.125744955915802,0.103440413465383,0.0652879657345777,0.584659569060216,0.102898091847557,0.0360456409403998,0.243406390534064
-0.0046834837330526,0.00563423513682683,-0.00409543716492175,-0.00546361294177898,0.00336424636041457,0.00381984861942575,-0.00470844748795993,-0.00600223143769583,0.00247973627370073,0.00450079418016961,0.000372974861805099,0.00058753675551074,0.000570715135192939,0.00235739121368768,0.00448874043719461,0.0053846858926364,-0.00385991397357276,0.00621272035303683,0.00395657626377615,-0.00635831250704338
0.695924115095224,0.108251874675489,0.219541812512202,0.316301434484761,0.201684272337299,0.251542679907891,0.910335472419675,0.365708849198971,0.179957554602938,0.204456940702627,0.176578973493383,0.210597286332295,0.243931328033585,0.248711938153894,0.14566352819739,0.148071567170015,1.0607053669792,0.208180966997429,0.214923465302981,0.388786275149389
-0.246657763760406,-0.0749806180793622,-0.0803657700969347,-0.118330099277975,-0.0557423429554722,-0.0650272793452519,-0.347461035481213,-0.169755812247377,-0.0989480639500229,-0.070659350264947,-0.0707873640502994,-0.0970209102799238,-0.0887304774783214,-0.0662065471026964,-0.0535983514962211,-0.0704178001516523,-0.357737266568185,-0.076823292360567,-0.0473570372591357,-0.13531634841304
-0.0494257332459478,0.0534780880696208,-0.038739035508279,-0.0504437918543811,0.0336315676342574,0.0351410551119585,-0.0418505497026878,-0.0631356895017129,0.0274797664456745,0.0393363190392319,-0.0001934920136494,0.00446489291203073,0.012101429681774,0.0217286074854632,0.0414443550040911,0.04877364772909,-0.0352578250841999,0.0593765236140233,0.0364357717267078,-0.0540759830650546
0.845819549455751,4.17786533466781,1.92194777006984,1.64752430110655,3.0821186393476,3.11685952060934,0.729681227733939,1.44646246440669,2.94105360665028,3.26089879056182,2.58279924150885,2.5850580382143,2.71257341689884,2.82299494808634,4.46302075467598,4.22742071650007,0.572727867369377,3.64144250496677,4.58827864320334,1.41964906397177
-1.10234390415407,-24.6903548765576,-5.68217712420382,-4.16754461055068,-13.6902015786087,-13.9118683864134,-0.538430835205053,-3.29971421001493,-12.7487872569164,-15.1000633598458,-9.95187618584481,-9.67820751052909,-10.8360074999299,-11.7770025798843,-28.6049842212999,-26.0574830547852,-0.472250251209009,-18.7576910431121,-30.5769220780354,-2.99410330407543
-0.0609886563125563,-0.288112483148243,-0.134022913925447,-0.114247361166411,-0.210789741682083,-0.212997593081114,-0.0420755163805362,-0.10713337858745,-0.204926491968784,-0.223364347254886,-0.179953550054684,-0.175595526489523,-0.186931718528273,-0.196108776015031,-0.304506552634557,-0.292640318377616,-0.0413778374777409,-0.248302407376599,-0.311965597290383,-0.0944704204442938
-0.118619836983378,0.127886567338833,-0.08907265573826,-0.112337376448742,0.0864387080105725,0.0878502843367281,-0.0918042491601331,-0.129184131991518,0.0672014965573267,0.0941510170133563,0.0123560535599532,-0.00156900483876033,0.0299092613612431,0.0462853180889909,0.095183682967761,0.125007035147983,-0.0900038075547343,0.134323819115361,0.0867956291245327,-0.130104816262647
-0.0822094281232862,0.0875123933164905,-0.0642210460238956,-0.0872252567400452,0.0551843492789568,0.0557285338806029,-0.0578379816561813,-0.0933484725658051,0.0411351183495907,0.0724357481694525,0.00496116937450346,0.00153235542357774,0.0244353681405853,0.0377421775228076,0.0725715054650292,0.0854422418505656,-0.0572502327517524,0.0933935513716568,0.0579005207183501,-0.0960088931413859
0.23272341673549,1.11887738246114,0.51740329801949,0.457503335888226,0.816752992878826,0.81757437824211,0.179221008293375,0.39668473245443,0.780792306286114,0.853921746245675,0.683951378258974,0.707759666096753,0.734978696427053,0.754685069866548,1.19189572436593,1.12010011143957,0.148722864825488,0.946093179112807,1.24512539045434,0.402097520875182
-0.722552199138731,-3.57246409400803,-1.7414010659957,-1.47026146541498,-2.61777094355162,-2.66890988155542,-0.569572708811172,-1.26736970848556,-2.55399427096313,-2.76500010383518,-2.23140476443526,-2.22799121913609,-2.33256164920604,-2.41046303839362,-3.84301805526184,-3.70654057534804,-0.51689942053593,-3.09834935254384,-3.90366062841063,-1.27034020839753
1.05859370062064,4.9615115163224,2.36088440950491,2.10273745299676,3.71790104726821,3.71358387080135,0.757162310057003,1.79760364596843,3.57049974560131,3.90241663702244,3.19084852494828,3.16759028281892,3.34019944300633,3.49249078212198,5.4302657142153,5.14345530406799,0.698514105616321,4.43283019505935,5.65278558035809,1.70971961932101
0.940652002967357,2.26961483305527,1.56088736357626,1.38019093776362,1.86268515578543,1.97811368754702,0.8652685903799,1.37301569317571,1.85025261316238,1.9048391458832,1.7881492390139,1.79459502586794,1.80865097252704,1.85521258300564,2.29528514579219,2.29405374337243,0.819488299011785,2.16399435792096,2.40880046418153,1.39091895932053
-0.838374492581228,-0.153402381444738,-0.367380795900799,-0.406180139514119,-0.205454356540213,-0.255560540734977,-1.03144652127807,-0.468613754568494,-0.160985580683473,-0.227224984346718,-0.252573233290439,-0.215446891095584,-0.313126558385576,-0.263932739784229,-0.21269196036706,-0.155392223711043,-1.22837493842328,-0.180235426674739,-0.162895469981237,-0.422501356408157
-0.253914341127402,-0.562225017772163,-0.36978121465453,-0.370131108833778,-0.498642329991951,-0.493096284851511,-0.244764328113162,-0.355924230481358,-0.494599518869095,-0.518565170959528,-0.469651170017433,-0.453938717593958,-0.463926500681325,-0.496773567839044,-0.597207680933595,-0.58837101741315,-0.227639450347904,-0.546738441603055,-0.603100924893252,-0.358355112704475
-0.247595954924336,-0.0401774735044794,-0.100468500374486,-0.131098743633708,-0.0709075329027538,-0.0666316360625241,-0.32363955545036,-0.123404212789199,-0.0510069163890725,-0.0795145758348964,-0.0688092380544926,-0.0732486603554744,-0.0713400347570163,-0.066808132687829,-0.0316146418477807,-0.027120827038096,-0.375839520723858,-0.0418509717409928,-0.059814841568169,-0.122225150594065
0.688649157484606,-0.861838775791958,0.559622116729041,0.837610999386429,-0.477635001502296,-0.529265603379241,0.585759682125497,0.908468128023752,-0.472526593880147,-0.664362968794886,-0.0805234101386728,-0.0837356557398652,-0.151714800586074,-0.380329101871006,-0.716188596144378,-0.731940346758314,0.585871682577892,-0.838961505730486,-0.542776482544278,0.8703948925495
0.775219768156931,17.7295592701155,4.09025227620164,2.94930386716273,9.79620273553636,9.91716369117185,0.417895906685696,2.37498468117115,9.05214971509833,10.7999072623116,7.14519550449536,6.96356182631784,7.77179403601004,8.44202238583986,20.4657171543984,18.7358517628782,0.384991630488542,13.4663675556671,21.8513454570685,2.13380915348491
0.83446068183293,0.176289457575036,0.281303196117563,0.44678590461514,0.217763420663414,0.231689204453064,1.10501924034001,0.415979649104524,0.241277850101713,0.242693465436457,0.341192874835237,0.307172638904118,0.220649845592187,0.24888557724199,0.148732065576916,0.108257400316301,1.23388248212026,0.196238738475613,0.180446132213939,0.498743891960509
-0.0126161297393403,-0.0268930389861898,-0.0199243248450948,-0.0176504096376599,-0.024518683632802,-0.0244610647816194,-0.0115843745398659,-0.0156912645695807,-0.0234914769133618,-0.0243246704348432,-0.0223322690888273,-0.0218613162743649,-0.0218066831340699,-0.0231773432929236,-0.028249545538411,-0.0287055696816621,-0.010708414459754,-0.0261393917245666,-0.0284467368610287,-0.0165503532153133
-0.41451755379311,-0.878151007170632,-0.628924724242641,-0.546624568144285,-0.775227436946457,-0.765253714122209,-0.368822303817786,-0.544058710127771,-0.752293491441771,-0.786199397319981,-0.70289124042469,-0.712699909313863,-0.713508273883968,-0.738418005027296,-0.904538431583757,-0.902039124560936,-0.337168345580596,-0.808079971755079,-0.925609631967389,-0.51599118623446
-1.01639738445015,-4.83126210792378,-2.43241575175472,-1.93859873081985,-3.59603733396943,-3.59872762955191,-0.739914037294263,-1.69139247449927,-3.47790968144156,-3.746166367817,-3.06480420209413,-3.05540683310437,-3.20418822397058,-3.40557972186645,-5.21383463728006,-4.99192163702827,-0.601438121816568,-4.23871568135212,-5.41387423349443,-1.63899923025037
0.852305169949644,0.185765572312401,0.391281928721175,0.447691979030619,0.342660293774628,0.303947296439737,1.31470427866772,0.490841416116306,0.300945638678513,0.261828668929183,0.354000395948248,0.305620515073426,0.250415140306348,0.280847070324627,0.21492521583904,0.140753373917033,1.26998553648203,0.162399222646976,0.240875434394907,0.572482627702568
0.482564667988212,11.2449174913579,2.54514735349953,1.87931692821257,6.22809969645097,6.29817012225793,0.282392173749216,1.50168446982056,5.72373218478014,6.8735893627728,4.49704470831214,4.39756900594164,4.9216223654863,5.37682724317129,13.0015663196189,11.853784728974,0.238445653475019,8.51311358011565,13.9119164933945,1.37239303714204
-0.506396153946082,-0.103288089609594,-0.188110656512143,-0.277756240114286,-0.133078678833592,-0.101653130522416,-0.622931431226565,-0.278727914727199,-0.127966013601115,-0.135329505781742,-0.127004949409864,-0.195777148158259,-0.16035336540191,-0.142812585897455,-0.119108935797438,-0.0488531091845312,-0.691924400917016,-0.12506594758861,-0.0430216136339579,-0.299664124043203
-1.11488436021638,-24.9952558884842,-5.67219107413317,-4.17953051287344,-13.8596845457923,-14.0026235962962,-0.592494485917125,-3.37839656528598,-12.8254813055744,-15.3145106000866,-10.1282109431074,-9.84003381899058,-10.9250277717406,-11.9124879496351,-28.9027992625501,-26.4741213068121,-0.393794964164737,-19.0371159833065,-31.0115291568527,-3.01909884921761
0.381577731886296,0.862275756438827,0.627980139426853,0.572940863489482,0.747606824805684,0.747087225946684,0.325093409570895,0.538271586354264,0.749664869644248,0.762730499496135,0.674585542603993,0.688982966567181,0.702652229484393,0.727858198080744,0.920951569310498,0.868184273649908,0.330253811901232,0.833230976626068,0.923985057230159,0.479808513305678
0.851408626471404,-0.920841734631608,0.754783134201574,0.950069326863856,-0.5768873006746,-0.573394793393894,0.725403448077817,1.01136047267598,-0.480883124569475,-0.684629538745866,0.0488150794907264,-0.046594731857312,-0.189314207471088,-0.274362284364429,-0.712957739789619,-0.825842968197246,0.497581220173586,-0.972616302109291,-0.513291491815091,0.939616000400598
-0.53492599003087,0.520537422851301,-0.421331756723229,-0.509944769164147,0.394275484240709,0.447525167529271,-0.407606104388766,-0.573688756844915,0.232953306028536,0.431050725842867,0.0365155229142617,0.0611193894769545,0.146275325348691,0.212172245787304,0.443040155960241,0.518025775386686,-0.417672951254714,0.50120662109877,0.380430555043457,-0.592566915268004
0.185000853568515,4.43651279818472,0.994391102695701,0.729046342221231,2.47040280383378,2.4985941301518,0.102756323130282,0.592676480750222,2.2800390699609,2.70294902203309,1.77086231953734,1.73082411130205,1.94611364754412,2.09817211508567,5.10710638628333,4.67438535121836,0.0709974822096725,3.36263774785795,5.47860902057111,0.522680811828902
-0.882295317105466,0.886454432811931,-0.693319039141548,-0.912927235378822,0.575890858946507,0.567549008457029,-0.686208442892005,-0.913982868003323,0.535079343748778,0.71844629563912,0.102453812772804,-0.0479043671333043,0.177676591388924,0.217383412375013,0.671883366336911,0.829140523993881,-0.602988835135926,0.956018384873915,0.553856970099832,-0.964132679626104
-0.425779382420262,0.50883598368603,-0.340467485998209,-0.464470971239874,0.31505807559118,0.34878713083932,-0.383886200345831,-0.497246967010485,0.245963785216967,0.424312801801139,0.0327033033411194,-0.00686243402250864,0.13557938639909,0.212997271507036,0.419816972173137,0.502912857473702,-0.336239852030416,0.544930480968042,0.306907421009016,-0.536840871039691
-1.0022787812075,-2.20402511180915,-1.6689684113817,-1.42097554580004,-2.01375852470107,-2.01324454321753,-0.860547474539001,-1.33650580926365,-1.89285308481321,-1.9139711495653,-1.76978133961849,-1.79971809607637,-1.76612902947756,-1.89077004940198,-2.34401587889122,-2.28167810563294,-0.793310601041893,-2.09822501740939,-2.4262931622282,-1.30027648238058
0.693119274341397,14.6871524144305,3.33280961454621,2.40598876611948,8.16746054835452,8.28601772508768,0.364791122193119,1.94074378360294,7.48363735762782,8.9780889195935,5.86438315457546,5.69370404080378,6.40772180930979,7.02662220074608,16.9316004020339,15.4147457884883,0.262997502629821,11.1427873423547,18.1107352126858,1.7213705711641
-0.594908113109158,-2.92502626404325,-1.37271892789957,-1.2391451360586,-2.17865880459778,-2.17322735809179,-0.423652025519272,-1.0672525670606,-2.13739981149974,-2.26755575244745,-1.85236054266417,-1.8181931665376,-1.93801198096768,-1.96405895001841,-3.15499640561901,-2.95844812153513,-0.379884209258782,-2.5446538312703,-3.26888210759445,-1.0067817294909
-0.206329371790665,-0.940441896345345,-0.442804598508235,-0.378706631407355,-0.6856709345905,-0.708162347427855,-0.136133024142697,-0.333417167693983,-0.678032416077643,-0.744429494392226,-0.584338285383191,-0.59024792085541,-0.628555518094744,-0.663993966012872,-1.01558186664043,-0.958186714965656,-0.127638862974904,-0.826287048450794,-1.04940297406939,-0.32216662121355
-0.315945827592352,-7.22089316949607,-1.63618270375676,-1.18774999058162,-4.0287987444873,-4.03113483277496,-0.155437691896663,-0.977524762102117,-3.67550502405533,-4.43348596918555,-2.87492813114687,-2.82435947828528,-3.18662040428001,-3.44670882374381,-8.36069640388664,-7.65548472738101,-0.109446533685667,-5.50164531243874,-8.92789848975227,-0.887208108710368
0.92546816113677,21.148725318486,4.83067547711252,3.48110788269095,11.7834747420682,11.7923153817548,0.586517202749781,2.88581279165096,10.8108340552579,12.9058264292167,8.50763151020304,8.28597773781435,9.26475886870024,10.0847446580794,24.4232342693666,22.3411266372844,0.3921381843372,16.1379941890636,26.1581738580815,2.45509087888589
0.742352642830858,17.7704431865927,4.09792281327466,2.94318075286308,9.87876653408141,9.92880697685451,0.461521612567143,2.368154151358,9.08859512967886,10.8627087031212,7.15963070056878,6.97853236382409,7.828775586102,8.45228674564123,20.5223124710775,18.7365678516012,0.372921975622918,13.4823284070441,21.8847692635052,2.09699406004734
0.568575925697362,-0.676790930308912,0.433966729612905,0.591455106914934,-0.44138550551576,-0.482783315973756,0.502688544489032,0.69130819675695,-0.285573733848085,-0.541389087616881,-0.0650785848382287,0.0264571739116945,-0.103200767472893,-0.224960714419123,-0.555606136223621,-0.530591806474263,0.426553710616345,-0.677528827776321,-0.430650629195478,0.700090723236041
0.491054864662971,0.114087348586419,0.22861457495481,0.230095911287261,0.112634750541606,0.154945828031496,0.746853188420516,0.345090110529736,0.155833359133341,0.120338047087066,0.184580437059469,0.140179405379503,0.156205316033697,0.132062095013492,0.122314575531561,0.0791430725777256,0.757061386215951,0.123206603482903,0.0696686958662569,0.279707089013921
0.318337112041112,0.694021096305818,0.486208308504585,0.440228472633118,0.600489282335883,0.578962789429252,0.253835461600128,0.414104199957881,0.563220073103139,0.589990256438982,0.543507115509502,0.536955859997038,0.543156497389856,0.535786190883467,0.689298379826529,0.713881600963202,0.261711056905105,0.624776620073183,0.713553800257793,0.42648065046223
-0.437551799992014,-1.0125018643028,-0.741406574353128,-0.601902590598937,-0.885082856233878,-0.87147157952167,-0.396372210295746,-0.615172459275444,-0.872287897260835,-0.867293909450483,-0.776268744284229,-0.768334203746921,-0.782907517370436,-0.813025354136641,-1.00764206322817,-0.985273508487958,-0.372836263207268,-0.897238262154151,-1.00570618221468,-0.594283614205744
-0.833489643495323,0.765044378841559,-0.495801161173766,-0.707709453886043,0.478355884392051,0.487786916240705,-0.590633686402064,-0.840826762898835,0.317166807331266,0.635391356436271,0.0744762262876849,0.0386179847475633,0.238034184456706,0.279716207622396,0.544355749952995,0.768304504578115,-0.520570259055514,0.684554893975649,0.499706342498904,-0.846538070994289
-0.240008923023643,-0.054590431797726,-0.105262289196649,-0.119165981372704,-0.0516337983770642,-0.0836422539968848,-0.32219875870564,-0.140109261308464,-0.0713773042583922,-0.0700855524926332,-0.057861236839905,-0.0746416069431646,-0.0685784796400099,-0.0632639491071335,-0.0504181373980948,-0.0566170605355991,-0.3655218406758,-0.0687646113201974,-0.0526661419062841,-0.139758035746312
0.728697738455283,1.70641806847169,1.22964839813987,1.06290490629934,1.44934549670578,1.46476743139105,0.72179587676017,1.05906850637764,1.3669916108724,1.47149071864451,1.32070529344339,1.38657284923597,1.41152100780857,1.41451352357617,1.72043424314825,1.71511819337171,0.579780545669759,1.58292303910462,1.73273841291408,0.981387062722416
-0.180253591311626,-4.16197633380749,-0.943619763450045,-0.683297424526534,-2.29160262747684,-2.33121246345553,-0.0848509255187276,-0.544542969223463,-2.12677885494929,-2.53651332963596,-1.66233235206304,-1.62179090041222,-1.83377546548261,-1.97190464783818,-4.79668244674295,-4.38232128892388,-0.0825869525179788,-3.14531624962513,-5.1365816106127,-0.508721937778004
0.213269849230656,0.99944898363332,0.464832521187958,0.407024297036148,0.728699460981417,0.740527620795864,0.145963470096475,0.353098565790843,0.710047185585411,0.756650232771384,0.633432570217176,0.630549496149843,0.665780665057653,0.672372001697744,1.07249986518027,1.01888798148664,0.142193830013027,0.875872565032522,1.10052423162145,0.359256979322085
-0.506997655290741,-0.109896563160907,-0.269358882406524,-0.210281997014882,-0.144323934024271,-0.138636672737408,-0.704653475823808,-0.264026003682134,-0.110638074189258,-0.136121366048102,-0.186239136140485,-0.212627614408283,-0.139977336824725,-0.165212098571922,-0.0715023172296192,-0.082728776692646,-0.761165293836002,-0.127976428088372,-0.0911537920219932,-0.309086192268663
0.54319990543993,2.59766716924574,1.25067928764396,1.05972551313681,1.90463153757367,1.90694172072741,0.399961813986758,0.965637299096134,1.77711366369037,2.02958451842936,1.64655716196216,1.6273532718703,1.70311752635507,1.77444319272585,2.76026786532134,2.69046963661388,0.369349732520924,2.25698025021832,2.87456128354303,0.874185172695555
-0.186124080587851,-0.455277084985947,-0.309533442933477,-0.302664106001841,-0.412408649415699,-0.387886206846729,-0.164858338748708,-0.274054097860134,-0.383990410080153,-0.404557832537793,-0.377770081816527,-0.358599465610527,-0.385712869128844,-0.386030891871156,-0.462251816323633,-0.475910611006435,-0.164073002148958,-0.447483327505435,-0.501859641832115,-0.250017102866315
0.344637714703312,-0.362528252710157,0.256727436813111,0.362145751602935,-0.282650901430687,-0.253303983701344,0.294677196251962,0.393915233560443,-0.213124041361782,-0.335084877816622,-0.0252052788586436,-0.0270152674430323,-0.101369193773306,-0.199751863241858,-0.332393466745576,-0.390859221333825,0.257866878993475,-0.408032200774246,-0.281455553449016,0.406993017180381
0.258519082903117,0.0464266196281388,0.117118417800678,0.161104782841693,0.0523536294587997,0.0504234719523935,0.396387258249681,0.167955021305677,0.0808920021081612,0.0733200411494709,0.0737951579994898,0.0948233365028562,0.0860598545940516,0.097215721840418,0.0486475059004732,0.049617660202868,0.423912585068033,0.0800036119339002,0.0558628590360536,0.182709555101203
0.7659857536671,-0.712786901460619,0.535493241533272,0.78041133347858,-0.505185468726398,-0.549065917951468,0.564172501338869,0.911210847601254,-0.388042039893243,-0.649470250122864,-0.158868590241339,-0.0110401008326604,-0.20147802114893,-0.32380092340355,-0.650547943850761,-0.722815029452751,0.464501308063373,-0.841425490880187,-0.438819897178582,0.878282334482922
-0.638509057383189,-3.0062713720735,-1.48561992304463,-1.21892315419018,-2.25185094307954,-2.25129693065848,-0.477034538907316,-1.11876475990956,-2.1908487249083,-2.36791548194766,-1.97449545482268,-1.93372174241079,-2.03519607545864,-2.12190345990752,-3.31194571781773,-3.18092508343785,-0.430038746729027,-2.58969528905892,-3.39854157530512,-1.04095857360122
-0.577896938422822,-2.67483521234624,-1.23749886022587,-1.06117272630798,-1.97894927141833,-2.00609759373424,-0.388016564029594,-0.942296607667231,-1.92102398940306,-2.09517342652629,-1.67984761403584,-1.6450613172167,-1.77508813538704,-1.85182737505268,-2.82831844504128,-2.74155315042648,-0.352390682045825,-2.31805430838945,-3.03164903984619,-0.916889132085868
-1.01238279810185,-23.8986029187273,-5.43299938637644,-3.94818524382881,-13.2925786962383,-13.4576699823792,-0.488312008785883,-3.1967513972872,-12.2086029962454,-14.5929744741301,-9.62556818033335,-9.34849562140291,-10.5743268520699,-11.3613474041205,-27.6952612741997,-25.2378109087751,-0.519845184445754,-18.2277504255538,-29.517110211659,-2.93632126334159
0.0459529417815213,0.223675725934263,0.111078415936179,0.0958785334641019,0.171327782645921,0.169231887551392,0.0359162203301822,0.0850653523388522,0.163082329738514,0.178097431795272,0.149961683227762,0.146366768947975,0.149175823025024,0.157185538753307,0.249127997246621,0.234455651298811,0.0289271743085519,0.201503538087045,0.256807470430874,0.0800267316269235
0.882764599222884,1.91723308315047,1.28556107686359,1.1541989043157,1.62000079746137,1.59644439368283,0.76770575427047,1.06215807440733,1.65987616172397,1.69851612519724,1.49484533735516,1.49289840354529,1.6064380657298,1.53108509340242,1.98874675862162,1.92108638825803,0.675725643259701,1.85330425419153,2.01962082442389,1.1317151780873
-0.57775663574052,-14.5394099805871,-3.30328576978555,-2.37233189145135,-8.1054232145565,-8.18200688214539,-0.331496815444895,-1.9365618790457,-7.4355178495603,-8.91732820680218,-5.85253983064533,-5.67474431175611,-6.36570413126155,-6.85367330175498,-16.7954836278323,-15.3631148680301,-0.275451968570044,-11.0219863929611,-17.8951225790701,-1.73701701122559
0.192274785583447,-0.210266552357949,0.128000235926451,0.191719397307328,-0.125160121539842,-0.13852543483735,0.157004506397538,0.202948192067426,-0.108381195889331,-0.15842018561101,-0.018148198636712,-0.0166614251645713,-0.0311979547934021,-0.0941504182685107,-0.149759368393932,-0.171527250949449,0.138472629767081,-0.202858608778384,-0.141282551979073,0.236986528307051
0.0572231099848027,0.123794834661785,0.0802914531614399,0.0755057195470421,0.102022888838795,0.108497574293934,0.0475653003280601,0.0751306916884487,0.104099998753469,0.105494866686804,0.101219335494984,0.100100112982951,0.101553101176058,0.0958382570977765,0.131633043257886,0.125299744155879,0.0475578190213643,0.113520025644451,0.128526370296358,0.073611096323294
-0.280440832435799,-0.0622466764925096,-0.1047713186977,-0.154152329420638,-0.091118983914364,-0.100169374715981,-0.38485575313209,-0.153052236605047,-0.102463222689338,-0.0532523700942888,-0.0993338772012714,-0.096485668482906,-0.123584731134482,-0.0944526081031734,-0.0392864470513843,-0.041755116757243,-0.413710428756902,-0.0726226120288711,-0.0716740235492257,-0.183232069032142
-0.81040377712879,-0.205148153814794,-0.352298802624893,-0.358591513569866,-0.185211548400578,-0.249715782970763,-1.16484633635019,-0.502213352966756,-0.190334709614783,-0.283518076738219,-0.358137834382872,-0.322511037047283,-0.320034160720003,-0.332316945842832,-0.184879741190561,-0.182431803525827,-1.21566205710636,-0.160644471419822,-0.143633482786859,-0.461853714305562
0.141092098574523,0.317006479568998,0.21518791732341,0.199506428970526,0.270439222631837,0.270682866721556,0.120684190982214,0.178253048086759,0.265348322494947,0.266295523276141,0.251669121390449,0.236927837627368,0.247520240882507,0.254326571535518,0.309309917479301,0.326701163623868,0.110192018674229,0.276402728529358,0.328163561744417,0.193263015787965
0.873679642793039,3.90934178502875,1.85500597228293,1.61712225032944,2.89341182248836,2.85458653985263,0.547287336456104,1.38488455028788,2.74797634194174,3.06352241550238,2.46890211107366,2.43965195195086,2.53088002745646,2.67806514403156,4.11356454255714,4.00098892744419,0.545691759082403,3.44173638950727,4.30297798827591,1.31588250447131
-0.21773459961861,-0.0654885565373455,-0.0989635479387897,-0.119023072811671,-0.0445131835093197,-0.0826358336651905,-0.346339458704354,-0.144630830462641,-0.0462857343208983,-0.0719369021493804,-0.0515426960431984,-0.081291346436524,-0.0759222563774436,-0.0964226345427159,-0.053045457300107,-0.0448167721275798,-0.362426124207202,-0.0545644745411967,-0.049856803903988,-0.148543200631982
0.488816257416072,11.71450447228,2.62562986415281,1.89759838589519,6.47835547335222,6.54266329593528,0.275709962329742,1.54582546050327,6.01838228414568,7.17179337059681,4.66632300128027,4.59594349512397,5.19719060586233,5.57568834681225,13.5577878240123,12.3669464963881,0.228651532803105,8.92703030046042,14.4432614967829,1.36755646818944
0.697067445721938,16.3344752706382,3.72252485659366,2.71082065877747,9.02933170769018,9.15560665775243,0.376860911216685,2.15225997925843,8.33272078830783,9.90482622183001,6.58319807681735,6.3622925971279,7.05953109497785,7.74276847387425,18.7571468809366,17.1397303419441,0.284184401672494,12.3886785424232,20.1809734312529,1.95263889190662
-0.381713352298741,-1.85149760005732,-0.839277537238291,-0.754662466714216,-1.32582668450074,-1.34509558147305,-0.263388307943753,-0.648255182674166,-1.30044215926303,-1.41800349042764,-1.15719805126824,-1.14860606200808,-1.18147917825534,-1.21498314777156,-1.96880062238404,-1.90537868687227,-0.255350825480975,-1.5926628150354,-2.0423619595952,-0.619382827068966
-0.628592929679622,-15.7652627561139,-3.5550124949295,-2.60605551084161,-8.77425130730203,-8.81156724454584,-0.328211417672354,-2.05157397681864,-8.0552399704874,-9.6168281526279,-6.29893093897535,-6.13837103915252,-6.86284444181193,-7.43392011064671,-18.1576280460528,-16.5510026824251,-0.282714345660295,-11.9184706454121,-19.3822622694412,-1.91893768214883
-1.01747393021436,-2.19988693465445,-1.52704769647977,-1.43057381186213,-1.90253571343756,-1.9120682625346,-0.902052487145704,-1.300045068774,-1.87357498517544,-1.95386264255214,-1.75950595162424,-1.7990980523451,-1.83549101551505,-1.84187093593901,-2.2403290589869,-2.28234954213243,-0.819888429683212,-2.04698864925455,-2.33574209544556,-1.32996663553991
0.12501112954583,0.546248653485718,0.281134753895209,0.217421045701759,0.408079621848221,0.424754838179716,0.0905633370952735,0.202902648875978,0.390550220630395,0.425600509722774,0.355335688413227,0.344738747203922,0.367512942156049,0.383896736071749,0.591345887215454,0.56003653679523,0.0657001492080717,0.489524853809953,0.612916870481893,0.202975275611178
-0.865238648449721,-20.3125219845814,-4.62135914073421,-3.33722028503201,-11.2799132174215,-11.3921668874529,-0.525296971063205,-2.74759494265572,-10.3090208649185,-12.4149344158853,-8.14591855152576,-7.94849854841203,-8.91276023890213,-9.59776296963533,-23.4976600389598,-21.4242029673589,-0.318264068457933,-15.4518367018513,-25.1056247343785,-2.4945779275541
0.844226195107654,0.207251166954361,0.469480324983238,0.360192797976041,0.280113467602109,0.228235602650787,1.08486103534123,0.47418160994461,0.166388401295965,0.249337858828012,0.265714886201875,0.341290291845577,0.163050776636522,0.254380035254038,0.137407786457178,0.141819638807266,1.12876353117291,0.221203576030729,0.156555910181011,0.529651846594935
0.768739533838899,0.144795269715386,0.359835319682587,0.398792510477048,0.245320702443801,0.352562964382796,1.05850306996637,0.470928151460366,0.208281843561795,0.25083478184614,0.296036178802794,0.286243554188434,0.288678520090888,0.319381937108108,0.17014912959018,0.209208912603065,1.16864728349496,0.130716483209787,0.174998170995687,0.499282583814259
-0.164336966520365,-0.770174939051978,-0.36398928654579,-0.316237061286281,-0.576519703575815,-0.57066300848745,-0.131380533963458,-0.291118217238945,-0.571157299588767,-0.610700306805003,-0.497434249588891,-0.495210302933655,-0.51291390986592,-0.543684198673818,-0.834291929120334,-0.797464196060856,-0.105816589598671,-0.677107482198691,-0.850250940813802,-0.26694360673447
0.903059924049418,19.8964148232883,4.56488419784744,3.31253688452917,11.0925318007561,11.2297211737766,0.490304715398203,2.63501481318655,10.2220425034178,12.2108625340677,7.99235393154622,7.81752126382084,8.73528785443686,9.47836476381553,23.0474137062764,21.0045133690497,0.361371681634709,15.1723365558906,24.5614952854334,2.43266075229521
-0.156767434637883,-0.724236849011681,-0.351325797195832,-0.290173624191523,-0.532379250729512,-0.54804549721256,-0.119517856650195,-0.269246366976875,-0.519622726556255,-0.556577991062847,-0.455278832649066,-0.460805011513475,-0.477426538246265,-0.506173655296841,-0.798096788737821,-0.760298608337276,-0.0996176110238411,-0.644988324968183,-0.814008835301557,-0.257853708824962
-0.678467826470228,0.641408892395172,-0.502258166489474,-0.735540577085627,0.388202981993875,0.518915639272785,-0.556312659105037,-0.715247922665564,0.354096230743808,0.550578763054941,0.0870655758060198,0.0825039303603228,0.109621865980497,0.268623747605112,0.557731699897854,0.640708863124498,-0.373307126603719,0.703321774122967,0.465694892098552,-0.709954621111348
0.770083456033069,3.61751547266173,1.72694903806667,1.507224676841,2.71978638898337,2.74248185790237,0.569448414079948,1.38341229549469,2.66178857351592,2.86414267257986,2.27959658055964,2.32401232670404,2.46026168554281,2.49211315426413,3.99298349124699,3.72218704463012,0.476509796816293,3.18810508614608,4.05445796704706,1.23744671788494
0.317267080629939,1.65745877337477,0.783975456034821,0.65067605484176,1.21743171278884,1.22790620201376,0.253678661028856,0.585724926731321,1.18557029618098,1.28628291843859,1.08028140455783,0.994088360546175,1.08864671702235,1.12698301514321,1.77551366709324,1.68546312777591,0.239893120088015,1.46433492657654,1.81029481709416,0.594200111002477
-0.858929863374337,0.878215358132701,-0.599853378442596,-0.823222630254312,0.589489226313427,0.579406825724014,-0.67512638451748,-0.954662977438099,0.509242700426882,0.741391975176631,0.0123485038918312,-0.0477654234671411,0.253779458600159,0.412228111645744,0.70534437009771,0.822426283780375,-0.587102472802919,0.987643888793,0.627843891764345,-0.996827308487808
-0.890918578063711,0.987436732496741,-0.695659283229961,-0.888071215673683,0.52728335271372,0.623001144864865,-0.768256080446211,-0.991068767646208,0.403295110304252,0.689813989102146,0.0532875393793704,0.0728900484092753,0.260460897160582,0.329652354123956,0.620016101547656,0.835983907393596,-0.596361564932413,0.922936063409521,0.523617454489384,-0.971592647295053
1.04156013175144,2.24390355892671,1.49540971143509,1.37996857693353,1.88086700827443,1.86486504033216,0.849501899903809,1.31294107658471,1.91074249947073,1.88057058698142,1.86111902693978,1.76377683071131,1.82703212951627,1.88110784389441,2.30717066298117,2.26621287061125,0.803528307829261,2.13854346200559,2.3585524109297,1.22993502763497
0.754702489791945,3.77249645598513,1.81892800645777,1.52786298535839,2.82081030741163,2.77262395950162,0.580690130719121,1.35650966882664,2.69729753347714,2.96735986727646,2.46390483163177,2.4060791829012,2.44712704373502,2.5903838597562,4.02286426560251,3.82900935202918,0.437305378920929,3.28572396357683,4.18725687064051,1.32800657071065
0.347540783758046,-0.399068969556519,0.293090199243263,0.365067120115411,-0.250285900217665,-0.257835696981699,0.273208282496707,0.398764245001374,-0.179198669112552,-0.301297504812546,-0.0159073920169144,0.0442086051730044,-0.065751624450832,-0.182845690717074,-0.309053660533135,-0.351628102622337,0.22475262132611,-0.392590867118707,-0.281566849798642,0.407405963443592
0.0838873673689874,-0.0923193804628055,0.0613268030836178,0.0897207050528933,-0.0509882930747924,-0.0522733543890731,0.0688865197675038,0.0877707000077572,-0.041861663082781,-0.0744302002323214,-0.00399131288468959,-0.00992599361490555,-0.0260809170112935,-0.0386020761331504,-0.0666755366965411,-0.0774545558206854,0.0593159586464768,-0.0820187701901822,-0.0546893290056192,0.0901687833312734
-0.963108276154914,-21.0558840439145,-4.76074373986554,-3.49126144194809,-11.6180449053042,-11.7627017929429,-0.55918868247428,-2.83554493809987,-10.7543777230347,-12.8313909941198,-8.39732412495276,-8.24066039899144,-9.22482628849722,-10.0498530662194,-24.1647657618841,-22.1682666649591,-0.418088302045765,-15.9914490184468,-25.9353085963526,-2.47090307091248
0.591329570878214,1.16226537117639,0.816822723528074,0.72865550184146,1.00341665628416,0.966331814801125,0.477523615049319,0.760389337029766,0.969018884037659,1.02798649904364,0.961836221905124,0.946171644052857,0.996391709312101,0.973146527588471,1.24014430764848,1.18956450680223,0.480964065494115,1.1068361251035,1.23452168033147,0.641011899393387
0.353411984705925,-0.348460738984836,0.241413806672645,0.349194949839567,-0.247157772023167,-0.230787046045275,0.298374603363909,0.394863520862506,-0.154074451559281,-0.289126347951594,-0.00900576639923266,-0.0371694083115299,-0.0474254811059563,-0.136847714804618,-0.302002604515902,-0.342969928732079,0.237317219018674,-0.374100214605202,-0.232229912662201,0.358777540246371
0.860837398768794,20.8265019040671,4.81173473013888,3.46330292237419,11.6226087512612,11.7026882240574,0.551546237426961,2.77804412351059,10.7019410149958,12.7405508008589,8.4287739674133,8.21669312181545,9.12495160860325,9.95399853706216,24.1472194774375,22.0360100941143,0.414597281560358,15.9145048579018,25.7858258883622,2.53452203893841
0.0218345168338049,0.00341782262355511,0.00762735241388955,0.00964507584589753,0.00609813916606667,0.00513961254266017,0.027920494427699,0.0115269154997287,0.00796042697420614,0.00465601853935507,0.00830731453966607,0.00917838443420569,0.00401948476484122,0.00559924980269211,0.00419321768328289,0.00477987641266383,0.0302371584085453,0.00453579978843442,0.005416800565454,0.0113129572902152
-0.773825013801352,0.768696730849924,-0.608346844124434,-0.832615907552219,0.525694334076615,0.541152603415785,-0.52700531879809,-0.802219116283069,0.420137393879872,0.652336724934737,0.143351724792653,-0.0371450277714279,0.1419350983662,0.253530031058737,0.709678393101467,0.737520888108913,-0.625989093812442,0.920354606787973,0.512725487008041,-0.880733299193446
-0.76046164322162,-1.6111478167174,-1.05490392678863,-0.947721029156398,-1.33557475116689,-1.31029733803473,-0.606363171712435,-0.925822969798332,-1.28709262886162,-1.33520516332305,-1.2738883470322,-1.19243143391569,-1.27795264201471,-1.30507709411615,-1.61004412045901,-1.54589571604382,-0.595273513119061,-1.4602161956296,-1.65722329343673,-0.948486669121506
0.557319507217002,1.21795786533755,0.833061928033677,0.733497781999959,1.02751087359884,1.01858510001109,0.442993637645614,0.705799176453696,1.04096948051914,1.03281350939982,0.980851064535326,0.926405871082656,0.932807801515916,1.04045274043412,1.23561792340672,1.19525705902288,0.421579353157052,1.1485559668462,1.27532712425819,0.728541048569816
-0.184650559032502,-4.33758768549085,-0.98641838609061,-0.714002720726795,-2.41388791736135,-2.42203941923875,-0.112466879838832,-0.588494159482755,-2.21415391464553,-2.64802517022493,-1.74951051459962,-1.70215123796535,-1.90010984585029,-2.07965167253317,-5.01684204593611,-4.57921876115099,-0.0720149174753334,-3.28973602626073,-5.33613867689871,-0.517064033877358
-0.533788725477503,0.559516374299685,-0.429266143668533,-0.558170721848164,0.389830666229068,0.411831591668767,-0.431608145809944,-0.595168634361678,0.312419497541882,0.496911057013548,0.0830786655818544,0.0630893094974858,0.117720994900876,0.226162718027732,0.510551081178872,0.606271167707394,-0.416711414377444,0.627619200990428,0.369445777806135,-0.601130208351119
0.306183155448885,0.0424956209836861,0.117395123705846,0.125054242175519,0.0837778703265865,0.0705766179227062,0.386063588734961,0.173790768956811,0.0539581166759237,0.0807250958392392,0.08463271511973,0.0885157275688672,0.103293669403284,0.0979128475322669,0.068755193524325,0.0310075967631538,0.436340459374251,0.0667350703741901,0.0337127091969655,0.168548109978959
0.3757077046155,0.856591173701753,0.57898573183631,0.516242686454431,0.713531941953153,0.721451428113096,0.343873885168002,0.50867776822208,0.711414483970661,0.757881356333581,0.661859521992084,0.647647993297095,0.672100202585944,0.682679051363166,0.878525442550017,0.827079130755722,0.33826238540487,0.787357767525589,0.864352843511091,0.492517436868968
0.185725991895819,-0.183061194184864,0.139542021545334,0.217678772443419,-0.110512866427923,-0.156061084699239,0.151838751814735,0.20804720338907,-0.102962346995717,-0.166395883911734,-0.0158106282629411,0.00513231012701481,-0.0447772760825366,-0.101695801200566,-0.16114070022077,-0.18725223634482,0.155431336727077,-0.206722975162484,-0.137020863743475,0.211234409702366
0.969661012675111,23.4340101974873,5.30485614074214,3.81695857761139,12.9830451940396,13.130802486384,0.496776098493075,3.12912167263343,11.9876975743708,14.2863887999268,9.31436133547503,9.12793340401623,10.2861912275085,11.2263188130034,27.051179654888,24.8016875011711,0.508798317199028,17.7473477415152,28.8927748054444,2.74873371769749
-0.132576387723295,-0.274108420592249,-0.195483597286816,-0.184945325447021,-0.240776743408323,-0.244702666448053,-0.103531347933633,-0.16927698890949,-0.230567605516553,-0.258543153900844,-0.221873183205768,-0.23111592551892,-0.242403946245409,-0.231227849168875,-0.296421397952297,-0.285052278448885,-0.102339966995872,-0.268029991381041,-0.301443230930921,-0.154317482842155
0.109748167223614,-0.121660411917761,0.0753604515812099,0.0993301905399157,-0.0720038064665881,-0.0675148583457887,0.0887294862080467,0.115245485152049,-0.0585384176469256,-0.0988810622794516,-0.0106964535458196,0.00498008586750648,-0.0217557329188695,-0.0337132361989351,-0.0892376957966566,-0.118764867967339,0.0754092882542983,-0.110906360340798,-0.0721409011970876,0.123868212663852
0.0784978107343944,0.0174807964937383,0.0306436933195343,0.0434690793614941,0.0217716222565521,0.0214780433267315,0.101787059652541,0.0477632583393381,0.0188558020378027,0.0191784510832814,0.0300502666407478,0.0300474299197756,0.0265606234273423,0.0250888521826503,0.0150344909284433,0.0141611255609204,0.113591290202678,0.0202920551308878,0.0126566735061869,0.0473657886989019
-0.47350455405511,-0.117012917634143,-0.250405957979159,-0.28205266508147,-0.149989503239663,-0.160767109990896,-0.704579830715636,-0.27964132505812,-0.119983102689617,-0.19205165402909,-0.186619719606721,-0.146414243487849,-0.137027859016576,-0.150228677977619,-0.0865018929860343,-0.104466872091606,-0.73744845640281,-0.1236858328774,-0.122679983801339,-0.247119909486733
-0.55682074876209,-1.15870176365827,-0.828906129523073,-0.759957406302804,-1.01420178614194,-1.07349531686955,-0.454605761993333,-0.769185064358833,-1.02173814590479,-1.08286456685244,-0.950383134109488,-0.938982635605946,-1.0334826906149,-1.05193408430553,-1.26897788325599,-1.1720659714642,-0.409600939875406,-1.08771714628371,-1.26063566687937,-0.707012071839691
0.478354233947264,2.57660870808176,1.24912931940446,1.02097811954339,1.9398438133704,1.94588601138759,0.427251868386686,0.93414422316523,1.8680481580001,2.0153708600505,1.61782186773631,1.60209218171567,1.69635831622859,1.71780483789839,2.75957476567283,2.64532465892522,0.365088289134531,2.22913180059223,2.84961164864407,0.946751506673116
-0.837855643173861,-0.22008347193124,-0.285995520127152,-0.490293643570945,-0.227569202083897,-0.189218776374706,-1.15581359263178,-0.436501138725786,-0.207697534490823,-0.15405784223236,-0.260450469061994,-0.355022818368466,-0.263345184695107,-0.309714455419258,-0.191957339018525,-0.2181753755492,-1.25585241653671,-0.289089440126334,-0.177847219323722,-0.486531964508416
0.254150266311912,6.10026605800596,1.3795581384314,0.989154836512165,3.38839847219545,3.42778428373771,0.13645067231684,0.813128346596354,3.1345631337478,3.72435962270923,2.46143612204234,2.39280967181836,2.66513069180066,2.89778379111206,7.05211179056759,6.4549686606903,0.149183487255452,4.62792621697866,7.54220869529537,0.723782353174849
-0.285785894999679,-6.98954499393682,-1.58750045831385,-1.16618001971851,-3.87825954253091,-3.92256538138336,-0.180295751610656,-0.917204654653036,-3.59631505365542,-4.28938284970466,-2.8168712294624,-2.75116060766326,-3.08181181546394,-3.36563221317817,-8.07551280628509,-7.38474180001071,-0.11254729682845,-5.27913991977166,-8.64672261932018,-0.85326512645347
-0.308284683165422,0.359962834423008,-0.248674321346002,-0.331322208439042,0.21953906760396,0.264546187873076,-0.301625902346064,-0.371691383226008,0.194999184583005,0.286267113171311,0.0514006805124757,0.0142906308524953,0.131033885184341,0.127764463611344,0.272681010523114,0.317257216269811,-0.248747190959042,0.383018629615524,0.230279144416116,-0.368986167274684
0.594750148946599,3.12534193707647,1.48161592998982,1.20867568241426,2.29839288187174,2.33501230057673,0.46867910065412,1.15456577240856,2.24723034474562,2.3924005224993,1.97309833177139,1.93316765901248,2.04177972365799,2.14423021672586,3.31746674724468,3.16260197235091,0.386883623972612,2.71111055044283,3.45266692586473,1.07028695848086
-0.175606444457596,-0.373596983437093,-0.261894246274505,-0.238944714567754,-0.312393904011539,-0.343290928695243,-0.153944528842083,-0.22160489972959,-0.327596943794642,-0.313870509346251,-0.288859801675749,-0.296721109456923,-0.296271668001824,-0.301141227458325,-0.388320416598798,-0.374581517295111,-0.150144973163571,-0.345901698845316,-0.410146196701579,-0.216955158931072
0.77622555533282,-0.795532205808092,0.637765432728448,0.834922934639764,-0.523047045320757,-0.498817524492892,0.624219614021327,0.839317005766978,-0.464867129827827,-0.727441643624049,-0.134389279725628,0.00389709058555064,-0.186016378703156,-0.321562517972304,-0.733037036143181,-0.911623771598709,0.514423820247079,-0.904905438595005,-0.599415795042392,0.947828056401132
0.273933998868736,1.24469493428937,0.584009364408332,0.500445898368509,0.917030291003727,0.923969785009963,0.179729521400879,0.441901602737809,0.88247045576363,0.977099284686867,0.788604551701581,0.7832997701275,0.83796729682032,0.851452938180007,1.33252184061979,1.28345120739926,0.183091532361387,1.08327759845478,1.38582440549021,0.433102061443633
-0.0818532737916559,-0.0171931096305399,-0.0379308271460913,-0.0445950149998436,-0.0188754740802915,-0.026424110778236,-0.116359825247427,-0.0540897339858861,-0.0269029784813557,-0.0293196342580419,-0.0280689931805029,-0.0359320957315395,-0.024491915838826,-0.0278249883122327,-0.0167328387581425,-0.022303284233827,-0.130050414050223,-0.0204720372358797,-0.0208908073060637,-0.0440659973698562
0.478527526343897,0.135848225688978,0.265435972774466,0.207040117662249,0.1046450698818,0.171075183327502,0.693429658355064,0.335124613764585,0.150446952239557,0.16173493490054,0.182257956021113,0.157329043481149,0.101158705228007,0.129504491531148,0.194384221510626,0.0962897364823097,0.729213357744573,0.0914843463691656,0.0904704142019043,0.282654285342999
